{"cameraMode":{"drawMode":0,"name":"Shaded","section":"Shading Mode"},"sceneLighting":true,"audioPlay":false,"sceneViewState":{"m_AlwaysRefresh":false,"showFog":true,"showSkybox":false,"showFlares":true,"showImageEffects":true,"showParticleSystems":true,"showVisualEffectGraphs":true,"m_FxEnabled":true},"in2DMode":false,"pivot":{"x":-10.559999465942383,"y":3.009999990463257,"z":7.6399993896484379},"rotation":{"x":0.021193500608205797,"y":-0.11646370589733124,"z":0.0025531896390020849,"w":0.9929196834564209},"size":3.9187941551208498,"orthographic":false}