{"cameraMode":{"drawMode":0,"name":"Shaded","section":"Shading Mode"},"sceneLighting":true,"audioPlay":false,"sceneViewState":{"m_AlwaysRefresh":false,"showFog":true,"showSkybox":true,"showFlares":true,"showImageEffects":true,"showParticleSystems":true,"showVisualEffectGraphs":true,"m_FxEnabled":true},"in2DMode":false,"pivot":{"x":2.9315905570983888,"y":-3.7929539680480959,"z":18.673994064331056},"rotation":{"x":-0.23397113382816316,"y":0.09373105317354202,"z":-0.022690145298838617,"w":-0.9673596620559692},"size":32.46668243408203,"orthographic":false}